Date,Open,High,Low,Close,Adj Close,Volume,US Overdose Deaths
2020-01-06,131.4199981689453,132.55999755859375,130.94000244140625,132.25999450683594,124.55309295654295,2102900,3
2020-01-07,131.6999969482422,132.92999267578125,131.6999969482422,132.50999450683594,124.78852081298828,2448300,4
2020-01-08,132.4600067138672,134.2100067138672,132.00999450683594,133.7100067138672,125.91860961914062,5188600,3
2020-01-09,134.5500030517578,136.36000061035156,134.00999450683594,135.9199981689453,127.99982452392578,4522800,4
2020-01-10,135.77999877929688,138.27000427246094,135.52999877929688,138.0,129.9585723876953,4177600,3
2020-01-13,138.1999969482422,139.99000549316406,137.88999938964844,138.94000244140625,130.84384155273438,5117100,1
2020-01-14,138.99000549316406,140.89999389648438,138.1199951171875,140.64999389648438,132.45420837402344,4685200,4
2020-01-15,140.5800018310547,141.69000244140625,140.00999450683594,141.11000061035156,132.88735961914062,3676500,2
2020-01-16,141.8300018310547,141.97000122070312,139.85000610351562,141.42999267578125,133.188720703125,3794800,2
2020-01-17,140.8800048828125,141.74000549316406,139.36000061035156,139.5800018310547,131.44656372070312,5393200,1
2020-01-21,139.5,141.57000732421875,138.42999267578125,140.91000366210938,132.69906616210938,4849500,1
2020-01-22,141.25,142.25,140.69000244140625,141.55999755859375,133.3111572265625,2742100,3
2020-01-23,141.25,141.74000549316406,139.8800048828125,141.2100067138672,132.9815673828125,3138700,3
2020-01-24,141.85000610351562,141.99000549316406,138.6999969482422,139.07000732421875,130.96627807617188,3183300,3
2020-01-27,137.33999633789062,139.10000610351562,137.33999633789062,138.30999755859375,130.25054931640625,2826400,4
2020-01-28,138.69000244140625,139.8800048828125,138.22999572753906,139.25999450683594,131.14520263671875,2649100,2
2020-01-29,139.50999450683594,141.13999938964844,138.97000122070312,139.9199981689453,131.7667236328125,2815500,5
2020-01-30,138.17999267578125,143.72000122070312,138.10000610351562,142.6699981689453,134.3564910888672,5243400,2
2020-01-31,142.85000610351562,142.85000610351562,139.47000122070312,139.63999938964844,131.50306701660156,3913500,8
2020-02-03,140.52999877929688,141.57000732421875,139.67999267578125,141.0,132.7838134765625,5137800,6
2020-02-04,142.3000030517578,144.07000732421875,141.77999877929688,143.44000244140625,135.08163452148438,3177500,4
2020-02-05,144.77999877929688,147.36000061035156,144.52999877929688,147.35000610351562,138.76377868652344,4060900,2
2020-02-06,147.74000549316406,147.8699951171875,146.80999755859375,147.3000030517578,138.7166748046875,3285000,2
2020-02-07,147.22000122070312,147.22000122070312,145.3800048828125,146.41000366210938,137.87857055664062,2670400,1
2020-02-10,141.5,145.5500030517578,141.1199951171875,145.50999450683594,137.03097534179688,4892100,1
2020-02-11,145.72999572753906,145.86000061035156,143.17999267578125,144.25,135.84439086914062,2976400,2
2020-02-12,144.6699981689453,144.89999389648438,143.49000549316406,143.50999450683594,135.14755249023438,3953200,2
2020-02-13,142.86000061035156,143.74000549316406,141.7899932861328,141.8000030517578,134.2293243408203,3455500,1
2020-02-14,142.25,142.32000732421875,140.57000732421875,141.1199951171875,133.58566284179688,2273700,5
2020-02-18,141.02000427246094,141.9600067138672,140.52999877929688,141.00999450683594,133.4815216064453,2858200,5
2020-02-19,141.6199951171875,141.83999633789062,140.36000061035156,140.8300018310547,133.31112670898438,3082800,5
2020-02-21,141.33999633789062,142.64999389648438,140.3300018310547,142.0399932861328,134.4564971923828,2900900,4
2020-02-24,139.27999877929688,141.58999633789062,137.8699951171875,138.14999389648438,130.77420043945312,4727400,4
2020-02-25,138.94000244140625,139.22999572753906,134.6199951171875,135.41000366210938,128.1804962158203,3401600,3
2020-02-26,136.02999877929688,137.02000427246094,133.30999755859375,133.52999877929688,126.40087890625,4659000,3
2020-02-27,133.3300018310547,134.6699981689453,129.0500030517578,129.19000244140625,122.29258728027344,4292800,4
2020-02-28,126.37999725341795,126.8000030517578,121.51000213623048,126.12999725341795,119.3959503173828,7898300,5
2020-03-02,127.73999786376952,133.0,126.20999908447266,132.83999633789062,125.7476806640625,7355700,3
2020-03-03,133.27999877929688,135.64999389648438,128.69000244140625,130.30999755859375,123.35279083251952,6936600,4
2020-03-04,133.02999877929688,140.86000061035156,133.0,140.3800048828125,132.88516235351562,5301900,4
2020-03-05,138.3800048828125,141.91000366210938,137.52999877929688,140.14999389648438,132.66744995117188,6882100,4
2020-03-06,136.1199951171875,142.36000061035156,135.5500030517578,141.4600067138672,133.90750122070312,8010700,3
2020-03-09,134.02000427246094,140.92999267578125,133.30999755859375,135.72000122070312,128.47393798828125,5351300,2
2020-03-10,139.22999572753906,141.92999267578125,134.72000122070312,141.19000244140625,133.65188598632812,5961200,4
2020-03-11,139.4600067138672,141.83999633789062,137.38999938964844,140.02000427246094,132.54437255859375,7211800,2
2020-03-12,130.7899932861328,136.5,125.93000030517578,126.0199966430664,119.29181671142578,7836300,4
2020-03-13,132.9499969482422,139.3699951171875,128.50999450683594,139.3699951171875,131.92906188964844,6841700,3
2020-03-16,131.0,138.67999267578125,128.25,129.3800048828125,122.47245025634766,6619700,2
2020-03-17,133.2100067138672,143.58999633789062,131.10000610351562,143.1999969482422,135.5545654296875,8909200,4
2020-03-18,136.33999633789062,144.0,134.0800018310547,143.08999633789062,135.45045471191406,6734600,4
2020-03-19,142.49000549316406,142.97999572753906,131.1199951171875,133.08999633789062,125.98435974121094,6554800,4
2020-03-20,132.16000366210938,132.25,120.2300033569336,122.4000015258789,115.86508178710938,9113500,4
2020-03-23,120.9499969482422,126.87999725341795,117.05999755859376,119.0500030517578,112.69396209716795,7299300,1
2020-03-24,123.23999786376952,124.5999984741211,117.41000366210938,122.88999938964844,116.32893371582033,6827300,3
2020-03-25,120.12000274658205,126.13999938964844,119.20999908447266,121.94000244140624,115.42965698242188,6472100,2
2020-03-26,123.29000091552734,135.74000549316406,121.94000244140624,134.35000610351562,127.17711639404295,6723600,3
2020-03-27,130.64999389648438,137.61000061035156,130.1999969482422,134.11000061035156,126.94993591308594,4717400,5
2020-03-30,133.8699951171875,141.77000427246094,133.50999450683594,138.44000244140625,131.04872131347656,5057400,3
2020-03-31,136.9600067138672,142.02000427246094,134.52000427246094,138.72000122070312,131.3137664794922,7560100,7
2020-04-01,134.0,137.19000244140625,132.97999572753906,136.4199981689453,129.13656616210938,3297900,2
2020-04-02,135.35000610351562,142.8000030517578,133.02999877929688,142.17999267578125,134.5890655517578,4725000,8
2020-04-03,140.9199981689453,144.60000610351562,138.4600067138672,139.66000366210938,132.20358276367188,4013200,5
2020-04-06,142.27000427246094,143.5,140.3000030517578,141.61000061035156,134.04949951171875,4159900,2
2020-04-07,143.1300048828125,144.8000030517578,140.0500030517578,141.8800048828125,134.30502319335938,3900600,3
2020-04-08,142.0500030517578,147.25,140.5,146.22000122070312,138.4133758544922,4006600,10
2020-04-09,144.50999450683594,146.39999389648438,143.5500030517578,145.72999572753906,137.9495086669922,4415300,8
2020-04-13,144.97000122070312,146.58999633789062,142.8800048828125,144.4199981689453,136.70947265625,2289000,2
2020-04-14,147.27999877929688,151.5500030517578,144.0500030517578,151.11000061035156,143.04225158691406,3809600,3
2020-04-15,148.94000244140625,153.39999389648438,148.50999450683594,151.17999267578125,143.10853576660156,3614400,3
2020-04-16,152.88999938964844,155.58999633789062,152.0,154.72999572753906,146.46900939941406,3512900,1
2020-04-17,155.4199981689453,157.6699981689453,153.02999877929688,157.2899932861328,148.89231872558594,3709900,2
2020-04-20,156.6300048828125,160.1999969482422,155.61000061035156,157.7899932861328,149.3656463623047,2562200,3
2020-04-21,155.41000366210938,155.8000030517578,151.41000366210938,152.6699981689453,144.51898193359375,4270200,5
2020-04-22,154.61000061035156,157.27999877929688,153.57000732421875,156.7100067138672,148.34329223632812,3278000,3
2020-04-23,157.17999267578125,162.55999755859375,154.0,159.92999267578125,151.39138793945312,5692900,3
2020-04-24,162.0,164.89999389648438,160.61000061035156,162.92999267578125,154.23121643066406,4414000,4
2020-04-27,164.0,164.5,160.72000122070312,161.2899932861328,152.6787567138672,3210300,4
2020-04-28,160.94000244140625,161.97999572753906,156.58999633789062,157.3000030517578,148.90179443359375,3270200,5
2020-04-30,155.1999969482422,156.97999572753906,153.27999877929688,154.63999938964844,146.3837890625,4175800,2
2020-05-01,153.72000122070312,154.60000610351562,151.57000732421875,153.6300048828125,145.42774963378906,2576400,4
2020-05-04,154.64999389648438,156.0,151.25999450683594,153.27999877929688,145.09640502929688,2228500,3
2020-05-05,153.8000030517578,159.22000122070312,152.75,157.88999938964844,149.46029663085938,2862600,2
2020-05-06,158.4600067138672,158.94000244140625,156.35000610351562,156.67999267578125,148.3148956298828,1964800,6
2020-05-07,157.5,157.69000244140625,152.72000122070312,152.97000122070312,144.802978515625,2330600,8
2020-05-08,154.1999969482422,154.4199981689453,152.5500030517578,153.50999450683594,145.31414794921875,1966600,4
2020-05-11,153.47000122070312,159.47000122070312,153.0800018310547,158.5500030517578,150.08505249023438,3196200,4
2020-05-12,159.8699951171875,161.39999389648438,157.58999633789062,157.72000122070312,149.2993621826172,2329400,4
2020-05-13,157.02999877929688,159.35000610351562,156.0399932861328,157.92999267578125,149.49815368652344,2650000,2
2020-05-14,155.94000244140625,158.9499969482422,153.80999755859375,158.3800048828125,150.62991333007812,2393900,3
2020-05-15,158.6300048828125,159.50999450683594,156.02999877929688,159.22999572753906,151.4383544921875,2824500,4
2020-05-18,161.33999633789062,162.3699951171875,157.11000061035156,157.9600067138672,150.23048400878906,2703700,6
2020-05-19,156.85000610351562,159.1300048828125,155.27999877929688,156.6999969482422,149.03213500976562,2339400,3
2020-05-20,155.27000427246094,157.42999267578125,151.61000061035156,153.1300048828125,145.63682556152344,3780800,1
2020-05-22,152.22000122070312,152.55999755859375,150.1699981689453,151.16000366210938,143.76324462890625,2355000,7
2020-05-27,148.1699981689453,148.1699981689453,143.6199951171875,145.6999969482422,138.57040405273438,5376100,7
2020-05-28,147.42999267578125,152.10000610351562,146.50999450683594,150.64999389648438,143.2781982421875,3982700,5
2020-05-29,151.66000366210938,153.63999938964844,149.94000244140625,152.9499969482422,145.4656219482422,9466300,4
2020-06-01,154.47000122070312,154.99000549316406,150.88999938964844,152.4499969482422,144.99012756347656,5233800,5
2020-06-02,152.0800018310547,154.0800018310547,151.0399932861328,153.86000061035156,146.33111572265625,3269400,6
2020-06-03,153.33999633789062,154.38999938964844,150.85000610351562,152.52999877929688,145.06622314453125,3190300,5
2020-06-04,152.2100067138672,153.5399932861328,149.7100067138672,150.7100067138672,143.3352508544922,3328700,2
2020-06-05,149.6999969482422,151.75999450683594,148.33999633789062,149.2100067138672,141.90866088867188,4578800,2
2020-06-08,146.75,149.25,146.52000427246094,149.2100067138672,141.90866088867188,4076400,2
2020-06-09,149.75,151.75,149.11000061035156,149.1300048828125,141.83253479003906,4302100,3
2020-06-10,149.9600067138672,152.39999389648438,149.83999633789062,151.0,143.61105346679688,4940200,8
2020-06-11,151.85000610351562,152.24000549316406,143.0500030517578,144.0800018310547,137.02967834472656,4547400,2
2020-06-12,145.5399932861328,146.3800048828125,141.47000122070312,143.5399932861328,136.51608276367188,3973200,6
2020-06-15,142.0,142.89999389648438,139.67999267578125,141.52000427246094,134.59498596191406,3709900,6
2020-06-16,156.32000732421875,167.42999267578125,155.0,163.7100067138672,155.69912719726562,15029300,3
2020-06-17,164.22999572753906,164.36000061035156,159.39999389648438,159.97000122070312,152.14215087890625,4711200,5
2020-06-18,159.1999969482422,162.97000122070312,158.1999969482422,161.07000732421875,153.1883087158203,3631600,3
2020-06-19,162.22999572753906,162.47999572753906,158.25999450683594,159.94000244140625,152.1136016845703,6004900,3
2020-06-22,159.17999267578125,161.47999572753906,158.9199981689453,160.4499969482422,152.59864807128906,2647300,2
2020-06-23,160.88999938964844,162.8699951171875,158.9499969482422,159.33999633789062,151.54296875,2771500,8
2020-06-24,158.5500030517578,159.7899932861328,156.3300018310547,157.02999877929688,149.34597778320312,3096000,6
2020-06-25,157.63999938964844,163.38999938964844,156.7100067138672,162.86000061035156,154.8907012939453,3735400,2
2020-06-26,162.3300018310547,163.7899932861328,160.17999267578125,162.8300018310547,154.86215209960938,5290400,4
2020-06-29,163.85000610351562,164.2100067138672,161.02999877929688,162.72000122070312,154.757568359375,2640300,3
2020-06-30,163.11000061035156,165.1699981689453,162.3000030517578,164.17999267578125,156.14610290527344,3296300,5
2020-07-01,164.32000732421875,165.47000122070312,162.52000427246094,163.3000030517578,155.30918884277344,2065100,4
2020-07-02,164.07000732421875,164.77000427246094,162.3699951171875,163.8699951171875,155.85125732421875,1960200,4
2020-07-06,164.4600067138672,168.9199981689453,164.00999450683594,166.88999938964844,158.72352600097656,2760100,5
2020-07-07,166.1199951171875,168.3800048828125,165.27000427246094,166.75,158.59036254882812,3273300,5
2020-07-08,166.83999633789062,169.82000732421875,166.83999633789062,169.1300048828125,160.85391235351562,2781800,2
2020-07-09,169.8800048828125,170.75,163.7100067138672,166.4499969482422,158.3050537109375,2955200,5
2020-07-10,166.13999938964844,166.13999938964844,162.74000549316406,163.36000061035156,155.3662567138672,2245100,7
2020-07-13,164.61000061035156,167.0,161.0399932861328,162.0800018310547,154.1488800048828,3455600,3
2020-07-14,162.8800048828125,164.77000427246094,161.52999877929688,163.8800048828125,155.86080932617188,2642900,1
2020-07-15,165.19000244140625,166.47999572753906,163.89999389648438,165.4499969482422,157.35398864746094,2346200,6
2020-07-16,164.9499969482422,165.44000244140625,162.60000610351562,165.0,156.92599487304688,1486800,5
2020-07-17,166.0399932861328,167.25999450683594,165.11000061035156,165.9600067138672,157.83900451660156,2935800,4
2020-07-20,166.49000549316406,167.7100067138672,165.72999572753906,167.0399932861328,158.86614990234375,1806200,1
2020-07-21,166.8699951171875,167.22999572753906,164.75999450683594,165.3000030517578,157.2113037109375,1540700,1
2020-07-22,165.5399932861328,165.85000610351562,162.3300018310547,164.83999633789062,156.77381896972656,1686500,7
2020-07-23,165.25999450683594,165.4600067138672,160.7899932861328,161.52000427246094,153.6162567138672,2408800,2
2020-07-24,161.47000122070312,161.47000122070312,158.4499969482422,159.5399932861328,151.73316955566406,2247900,5
2020-07-27,159.60000610351562,161.74000549316406,158.58999633789062,160.5,152.64617919921875,2709700,4
2020-07-28,161.6699981689453,165.41000366210938,161.35000610351562,162.64999389648438,154.6909942626953,3483100,6
2020-07-29,162.52999877929688,163.02999877929688,161.10000610351562,161.75,153.83502197265625,3108900,7
2020-07-30,158.4499969482422,158.5,150.4499969482422,153.0,145.51324462890625,6638100,6
2020-07-31,153.1300048828125,153.33999633789062,148.74000549316406,150.2899932861328,142.93580627441406,5342700,9
2020-08-03,152.8000030517578,153.85000610351562,151.22000122070312,152.83999633789062,145.3610076904297,3615000,1
2020-08-04,153.3800048828125,156.0,153.08999633789062,154.85000610351562,147.2726593017578,3260000,3
2020-08-05,157.30999755859375,157.49000549316406,153.3000030517578,154.33999633789062,146.78761291503906,2386400,1
2020-08-06,153.85000610351562,155.5,151.0,152.8800048828125,145.39907836914062,2176200,2
2020-08-07,152.9600067138672,153.5,151.5800018310547,152.92999267578125,145.4465789794922,2017100,4
2020-08-10,152.92999267578125,153.49000549316406,151.52999877929688,153.0,145.51324462890625,1745200,3
2020-08-11,153.13999938964844,153.13999938964844,150.1999969482422,150.6300048828125,143.2591552734375,2103400,1
2020-08-12,150.7899932861328,153.1699981689453,150.60000610351562,152.5500030517578,145.085205078125,2430400,4
2020-08-14,149.8000030517578,151.69000244140625,149.14999389648438,150.08999633789062,143.44139099121094,1538000,3
2020-08-17,150.9199981689453,152.6999969482422,150.36000061035156,151.52999877929688,144.817626953125,2704700,2
2020-08-18,152.14999389648438,153.14999389648438,151.14999389648438,153.11000061035156,146.32762145996094,1959700,5
2020-08-20,152.5500030517578,152.85000610351562,150.85000610351562,151.33999633789062,144.6360321044922,1830200,7
2020-08-21,151.33999633789062,151.35000610351562,147.9499969482422,149.25999450683594,142.64817810058594,3112000,4
2020-08-24,150.0500030517578,150.39999389648438,148.25,149.52000427246094,142.8966522216797,2268400,3
2020-08-25,150.36000061035156,151.30999755859375,149.30999755859375,149.67999267578125,143.04954528808594,2216100,3
2020-08-26,149.19000244140625,149.4600067138672,147.41000366210938,149.25999450683594,142.64817810058594,3029700,3
2020-08-27,150.5800018310547,150.94000244140625,148.94000244140625,148.97000122070312,142.3710174560547,3146100,2
2020-08-28,148.83999633789062,149.14999389648438,146.97999572753906,147.33999633789062,140.81320190429688,2102600,6
2020-08-31,147.35000610351562,148.7899932861328,147.02999877929688,148.38999938964844,141.81671142578125,4430700,3
2020-09-01,148.61000061035156,149.1999969482422,146.64999389648438,147.3000030517578,140.7749786376953,2358700,5
2020-09-02,146.7899932861328,150.0,146.50999450683594,149.5500030517578,142.92530822753906,2406800,2
2020-09-03,152.19000244140625,153.3699951171875,147.4600067138672,149.02000427246094,142.41880798339844,4226100,8
2020-09-04,148.77000427246094,152.5800018310547,147.9499969482422,150.91000366210938,144.22508239746094,4361800,1
2020-09-08,150.9499969482422,151.30999755859375,148.5,149.30999755859375,142.69595336914062,4351200,5
2020-09-09,150.6199951171875,154.1199951171875,150.30999755859375,151.97000122070312,145.23812866210938,2328500,3
2020-09-10,149.8800048828125,150.60000610351562,145.72000122070312,146.22000122070312,139.74281311035156,3961300,2
2020-09-11,147.55999755859375,149.19000244140625,146.8800048828125,148.08999633789062,141.53001403808594,3001400,3
2020-09-14,149.08999633789062,150.50999450683594,147.47000122070312,149.0,142.39968872070312,3072500,4
2020-09-15,149.9600067138672,151.8699951171875,149.4199981689453,150.0800018310547,143.4318389892578,2923500,1
2020-09-16,151.72000122070312,152.67999267578125,150.7899932861328,150.9600067138672,144.2728729248047,3618800,7
2020-09-17,150.1300048828125,152.67999267578125,149.4600067138672,152.47000122070312,145.71595764160156,3620700,6
2020-09-18,152.0399932861328,154.5,152.0399932861328,154.1699981689453,147.34066772460938,13209800,7
2020-09-21,153.1699981689453,153.66000366210938,149.05999755859375,151.17999267578125,144.4831085205078,3501600,7
2020-09-22,150.91000366210938,151.57000732421875,149.14999389648438,149.86000061035156,143.22161865234375,2926400,3
2020-09-23,150.0500030517578,151.58999633789062,148.6999969482422,149.80999755859375,143.173828125,3545700,2
2020-09-24,149.25999450683594,149.66000366210938,147.3699951171875,148.80999755859375,142.2180938720703,3424200,3
2020-09-25,148.38999938964844,150.39999389648438,147.85000610351562,150.25999450683594,143.60385131835938,2440600,8
2020-09-28,151.0,151.5800018310547,147.89999389648438,148.10000610351562,141.53955078125,2427100,6
2020-09-29,147.97999572753906,148.44000244140625,145.92999267578125,146.25999450683594,139.78106689453125,3308300,3
2020-09-30,146.39999389648438,148.4499969482422,145.05999755859375,148.02000427246094,141.4630889892578,5083900,1
2020-10-01,148.3300018310547,148.7100067138672,144.05999755859375,144.2899932861328,137.8983154296875,3809200,2
2020-10-02,143.6699981689453,146.94000244140625,143.27000427246094,145.2100067138672,138.77757263183594,3880000,2
2020-10-05,145.07000732421875,147.47000122070312,144.17999267578125,146.6300048828125,140.13470458984375,2790600,5
2020-10-06,146.92999267578125,147.8300018310547,143.92999267578125,144.1300048828125,137.7454071044922,2409200,7
2020-10-07,148.52000427246094,149.88999938964844,146.85000610351562,148.9600067138672,142.3614501953125,4602800,4
2020-10-08,152.39999389648438,153.94000244140625,150.5,153.5,146.70034790039062,4686100,5
2020-10-09,154.08999633789062,157.14999389648438,154.07000732421875,156.8800048828125,149.9306182861328,4590600,5
2020-10-12,156.8300018310547,157.14999389648438,154.4199981689453,154.49000549316406,147.64651489257812,3242700,3
2020-10-13,153.0,154.3300018310547,148.5500030517578,150.0800018310547,143.4318389892578,5963900,1
2020-10-14,150.3800048828125,150.60000610351562,147.7100067138672,148.4600067138672,141.88360595703125,2710200,2
2020-10-15,146.50999450683594,146.91000366210938,145.3800048828125,146.77999877929688,140.27804565429688,3785900,4
2020-10-16,147.11000061035156,148.3800048828125,146.0,146.1199951171875,139.64724731445312,2918900,2
2020-10-19,147.0,147.41000366210938,142.2100067138672,142.8000030517578,136.47433471679688,3158900,4
2020-10-20,143.36000061035156,144.1199951171875,142.11000061035156,143.58999633789062,137.22933959960938,2188700,3
2020-10-21,142.2899932861328,143.3300018310547,141.2100067138672,141.30999755859375,135.0503387451172,1983700,5
2020-10-22,141.52999877929688,142.25999450683594,140.8000030517578,141.64999389648438,135.37522888183594,3056600,6
2020-10-23,142.24000549316406,144.6999969482422,141.72000122070312,142.3800048828125,136.07290649414062,2427200,5
2020-10-26,141.89999389648438,142.2899932861328,140.0500030517578,141.6999969482422,135.4230499267578,2947100,1
2020-10-27,133.02000427246094,136.0800018310547,131.8699951171875,131.89999389648438,126.05716705322266,11374600,3
2020-10-28,130.4600067138672,134.10000610351562,130.30999755859375,131.30999755859375,125.49330139160156,6188000,6
2020-10-29,132.0,133.1300048828125,130.3800048828125,132.5500030517578,126.67837524414062,4099900,4
2020-11-02,132.5399932861328,133.9499969482422,129.99000549316406,131.6300048828125,125.79914855957033,3449500,2
2020-11-03,133.63999938964844,134.07000732421875,130.6999969482422,130.97999572753906,125.17794036865234,3628400,4
2020-11-04,134.91000366210938,151.97999572753906,134.91000366210938,148.58999633789062,142.00782775878906,12211700,4
2020-11-05,147.67999267578125,148.80999755859375,144.6999969482422,145.52000427246094,139.0738525390625,5731000,4
2020-11-06,145.0500030517578,147.38999938964844,139.10000610351562,142.74000549316406,136.4169921875,6229800,3
2020-11-09,142.5399932861328,144.75,140.60000610351562,142.3300018310547,136.02516174316406,5493800,2
2020-11-10,147.60000610351562,149.1999969482422,143.7899932861328,146.55999755859375,140.06777954101562,5377000,5
2020-11-11,147.75999450683594,147.75999450683594,143.3699951171875,144.75999450683594,138.34750366210938,3046800,2
2020-11-12,142.92999267578125,143.4600067138672,139.86000061035156,141.02999877929688,135.47528076171875,3463400,4
2020-11-13,142.42999267578125,143.2100067138672,141.32000732421875,142.3800048828125,136.7721405029297,2142700,4
2020-11-16,143.05999755859375,144.3000030517578,140.0,140.58999633789062,135.0526123046875,4957600,1
2020-11-17,139.57000732421875,141.9600067138672,138.61000061035156,141.1999969482422,135.6385498046875,3619200,3
2020-11-18,141.89999389648438,142.4199981689453,140.1300048828125,140.1699981689453,134.64915466308594,2795100,8
2020-11-19,140.25,143.88999938964844,138.9199981689453,143.41000366210938,137.7615203857422,4626100,8
2020-11-20,142.83999633789062,147.08999633789062,142.83999633789062,145.49000549316406,139.7595977783203,5063800,3
2020-11-23,145.5399932861328,145.6199951171875,141.16000366210938,143.3800048828125,137.73272705078125,3794200,3
2020-11-24,143.38999938964844,145.63999938964844,143.11000061035156,144.89999389648438,139.19285583496094,4127000,1
2020-11-25,144.89999389648438,145.33999633789062,142.61000061035156,144.75,139.04873657226562,3223700,3
2020-11-27,145.64999389648438,147.9199981689453,145.36000061035156,147.44000244140625,141.63279724121094,1754000,4
2020-11-30,146.33999633789062,148.1699981689453,144.89999389648438,145.64999389648438,139.91331481933594,5842200,4
2020-12-01,146.69000244140625,148.05999755859375,145.25999450683594,145.55999755859375,139.82684326171875,3954400,3
2020-12-02,145.36000061035156,147.08999633789062,144.3800048828125,145.16000366210938,139.442626953125,3757400,3
2020-12-03,145.6999969482422,146.5,143.1300048828125,144.11000061035156,138.4340057373047,4059600,3
2020-12-04,144.07000732421875,148.72000122070312,144.0,148.4499969482422,142.60301208496094,3058600,3
2020-12-07,147.3000030517578,148.3300018310547,146.47999572753906,147.4199981689453,141.6135711669922,2637200,5
2020-12-08,146.97999572753906,150.13999938964844,146.91000366210938,149.3000030517578,143.41954040527344,2754400,1
2020-12-09,154.58999633789062,158.94000244140625,153.67999267578125,158.0,151.77691650390625,8364400,4
2020-12-10,159.8699951171875,162.0,158.17999267578125,161.0,154.65869140625,6430600,2
2020-12-11,159.72000122070312,161.17999267578125,159.05999755859375,160.0399932861328,153.73651123046875,3441900,3
2020-12-14,160.69000244140625,162.2899932861328,157.8300018310547,157.91000366210938,151.69044494628906,4390100,5
2020-12-15,159.42999267578125,168.22999572753906,158.0500030517578,167.42999267578125,160.83546447753906,6974300,4
2020-12-16,169.69000244140625,173.19000244140625,166.75,172.0500030517578,165.27352905273438,6009900,8
2020-12-17,171.72999572753906,173.89999389648438,171.10000610351562,172.6300048828125,165.83065795898438,3521100,2
2020-12-18,172.52000427246094,172.88999938964844,169.0,171.39999389648438,164.64907836914062,7356400,7
2020-12-21,168.8800048828125,169.0,165.8000030517578,168.77999877929688,162.13230895996094,3655900,3
2020-12-22,167.7100067138672,168.38999938964844,165.8699951171875,166.72000122070312,160.15345764160156,2447900,1
2020-12-23,167.4499969482422,168.0,165.47000122070312,165.47999572753906,158.9622802734375,1697300,3
2020-12-24,165.85000610351562,167.94000244140625,165.85000610351562,166.66000366210938,160.09579467773438,627200,6
2020-12-28,167.2100067138672,167.60000610351562,165.2100067138672,166.5,159.9420928955078,1482000,1
2020-12-29,166.6300048828125,167.75,165.91000366210938,166.5800018310547,160.01895141601562,1712000,6
2020-12-30,167.44000244140625,168.38999938964844,166.67999267578125,167.00999450683594,160.43199157714844,1413300,8
2020-12-31,167.07000732421875,169.13999938964844,166.2899932861328,168.83999633789062,162.18992614746094,1643600,3
2021-01-04,169.02000427246094,169.47999572753906,163.10000610351562,165.5,158.9814910888672,3164800,1
2021-01-05,165.19000244140625,166.66000366210938,163.1999969482422,166.32000732421875,159.76919555664062,2322600,7
2021-01-06,162.97999572753906,167.27999877929688,162.97000122070312,164.32000732421875,157.8479461669922,3619700,5
2021-01-07,164.17999267578125,167.1199951171875,161.77999877929688,165.8300018310547,159.29849243164062,3025500,2
2021-01-08,166.22000122070312,166.86000061035156,164.63999938964844,166.41000366210938,159.8556365966797,3438100,2
2021-01-11,185.0,189.3000030517578,182.0200042724609,185.94000244140625,178.6164093017578,11396500,4
2021-01-12,182.7899932861328,184.2400054931641,177.44000244140625,178.8000030517578,171.7576446533203,7179300,8
2021-01-13,179.8300018310547,187.6199951171875,179.33999633789062,185.5,178.19374084472656,7303900,3
2021-01-14,185.2700042724609,188.9600067138672,184.5800018310547,186.69000244140625,179.3368682861328,4413200,3
2021-01-15,186.8000030517578,191.77999877929688,186.8000030517578,190.7700042724609,183.2561798095703,6624600,3
2021-01-19,196.0,199.5200042724609,194.07000732421875,198.47999572753903,190.6625213623047,7729100,3
2021-01-20,198.7700042724609,201.7700042724609,198.67999267578125,201.25999450683597,193.3329925537109,5335800,3
2021-01-21,203.6999969482422,204.72000122070312,198.00999450683597,202.3500061035156,194.3800506591797,8698800,6
2021-01-22,202.0399932861328,206.5399932861328,200.55999755859372,206.13999938964844,198.0207977294922,6128800,2
2021-01-25,208.2400054931641,212.52999877929688,208.08999633789065,212.3500061035156,203.9862060546875,5959100,6
2021-01-26,212.5500030517578,213.22999572753903,210.6000061035156,212.72000122070312,204.3416290283203,6601500,3
2021-01-27,211.07000732421875,212.0200042724609,205.1000061035156,207.57000732421875,199.39450073242188,7358000,10
2021-01-28,208.0,211.83999633789065,207.57000732421875,210.1199951171875,201.84405517578125,5460400,4
2021-01-29,211.9600067138672,218.0,204.4600067138672,207.97000122070312,199.77874755859372,8401700,3
2021-02-01,209.4600067138672,209.88999938964844,203.1000061035156,203.13999938964844,195.13897705078125,5383800,2
2021-02-02,204.3800048828125,205.8999938964844,197.3500061035156,197.55999755859372,189.7787170410156,5314600,3
2021-02-03,197.80999755859372,200.58999633789065,196.88999938964844,196.9600067138672,189.202392578125,3679000,5
2021-02-04,196.80999755859372,201.8800048828125,195.63999938964844,201.6199951171875,193.6788330078125,2924300,7
2021-02-05,201.6199951171875,202.9199981689453,200.8500061035156,201.7700042724609,193.8229217529297,2732200,5
2021-02-08,202.3800048828125,206.42999267578125,201.91000366210935,205.7700042724609,197.66539001464844,2909300,5
2021-02-09,203.75,204.9499969482422,200.32000732421875,201.7100067138672,193.7653045654297,2661300,6
2021-02-10,204.47000122070312,205.5500030517578,201.63999938964844,204.38999938964844,196.33973693847656,3062700,4
2021-02-11,202.8699951171875,204.17999267578125,201.6199951171875,202.5800018310547,195.41368103027344,3544700,4
2021-02-12,201.6499938964844,208.22000122070312,201.1499938964844,207.2899932861328,199.95709228515625,2611300,3
2021-02-16,205.97999572753903,207.4900054931641,203.6100006103516,205.75999450683597,198.48118591308597,2741900,5
2021-02-17,205.00999450683597,206.69000244140625,204.2700042724609,206.4600067138672,199.15643310546875,3329900,6
2021-02-18,205.3000030517578,205.4199981689453,200.9499969482422,201.1199951171875,194.0053558349609,3919400,5
2021-02-19,201.1300048828125,202.8800048828125,200.3300018310547,200.9199981689453,193.8124084472656,3434900,6
2021-02-22,199.17999267578125,201.6100006103516,197.9600067138672,200.67999267578125,193.58091735839844,2263600,1
2021-02-23,200.30999755859372,204.30999755859372,198.67999267578125,202.47999572753903,195.31724548339844,3287700,2
2021-02-25,203.57000732421875,205.5500030517578,201.75,203.82000732421875,196.6098480224609,2386700,4
2021-02-26,206.6999969482422,206.9900054931641,202.05999755859372,204.88999938964844,197.64198303222656,3887900,6
2021-03-01,205.77999877929688,208.2400054931641,204.77999877929688,206.47000122070312,199.1661071777344,2797400,4
2021-03-02,208.88999938964844,209.9499969482422,204.1000061035156,204.13999938964844,196.9185028076172,3445300,1
2021-03-04,203.7899932861328,204.7400054931641,198.6100006103516,200.5399932861328,193.4458465576172,4308400,5
2021-03-05,201.0200042724609,207.6699981689453,200.8800048828125,206.9199981689453,199.6001434326172,3875900,3
2021-03-08,207.0,210.88999938964844,206.32000732421875,207.02999877929688,199.7062530517578,3300300,3
2021-03-09,208.33999633789065,212.16000366210935,206.05999755859372,206.1100006103516,198.81881713867188,4227300,4
2021-03-10,206.88999938964844,208.0399932861328,204.38999938964844,205.4499969482422,198.18215942382807,3400200,4
2021-03-11,206.50999450683597,207.25,204.2700042724609,205.2100067138672,197.95065307617188,4037300,10
2021-03-12,204.88999938964844,208.4600067138672,202.27999877929688,208.0800018310547,200.71913146972656,4541400,2
2021-03-15,193.00999450683597,193.17999267578125,188.1999969482422,189.16000366210935,182.46841430664065,12388500,1
2021-03-16,191.5399932861328,191.6199951171875,187.22999572753903,190.8999938964844,184.14686584472656,6194200,4
2021-03-17,189.72999572753903,189.8300018310547,186.55999755859372,186.72999572753903,180.12435913085938,5134200,3
2021-03-18,186.0200042724609,187.08999633789065,183.8000030517578,183.92999267578125,177.42344665527344,4240000,7
2021-03-19,184.6999969482422,185.8000030517578,183.8800048828125,184.2899932861328,177.77069091796875,6048600,4
2021-03-22,184.0500030517578,185.91000366210935,183.1999969482422,185.83999633789065,179.265869140625,2666600,7
2021-03-23,185.3500061035156,186.66000366210935,183.25,183.67999267578125,177.18226623535156,3284700,4
2021-03-24,183.6999969482422,183.83999633789065,179.82000732421875,180.1699981689453,173.79647827148438,3931500,2
2021-03-25,181.0,183.63999938964844,180.22000122070312,183.08999633789065,176.6131591796875,2630500,5
2021-03-26,184.0500030517578,185.91000366210935,182.6300048828125,185.30999755859372,178.754638671875,2868200,6
2021-03-29,184.66000366210935,187.6699981689453,183.50999450683597,186.33999633789065,179.74819946289062,3002600,4
2021-03-30,185.52999877929688,186.8600006103516,184.7100067138672,185.5,178.9379119873047,2523600,3
2021-03-31,185.57000732421875,187.94000244140625,185.25999450683597,186.82000732421875,180.21121215820312,3621300,5
2021-04-01,186.82000732421875,188.07000732421875,184.66000366210935,185.2400054931641,178.68710327148438,2340400,5
2021-04-05,185.58999633789065,185.8999938964844,183.1000061035156,184.88999938964844,178.34947204589844,2864800,7
2021-04-06,184.69000244140625,185.6300048828125,182.4900054931641,182.8000030517578,176.3334197998047,2488400,4
2021-04-07,182.8999938964844,183.17999267578125,181.22000122070312,182.32000732421875,175.8704376220703,3406600,4
2021-04-08,182.9499969482422,183.97000122070312,182.47000122070312,182.6100006103516,176.150146484375,2393200,5
2021-04-09,182.52999877929688,185.13999938964844,182.41000366210935,184.4900054931641,177.96365356445312,2611200,4
2021-04-12,183.42999267578125,183.94000244140625,180.8800048828125,181.82000732421875,175.38807678222656,2876100,3
2021-04-13,181.17999267578125,183.63999938964844,181.17999267578125,182.52999877929688,176.07296752929688,3089100,6
2021-04-14,182.58999633789065,184.47000122070312,182.0500030517578,183.0,176.5263214111328,2002100,1
2021-04-15,183.7899932861328,187.72000122070312,183.41000366210935,185.9199981689453,179.34304809570312,2586600,5
2021-04-16,187.3800048828125,190.3000030517578,186.8800048828125,189.25,182.55528259277344,3731800,1
2021-04-19,189.2400054931641,190.8800048828125,188.07000732421875,189.63999938964844,182.93145751953125,2966400,1
2021-04-20,190.41000366210935,193.5,190.1699981689453,190.6100006103516,183.86712646484372,2460900,5
2021-04-21,191.55999755859372,193.00999450683597,189.8000030517578,190.9499969482422,184.19509887695312,2219800,2
2021-04-22,190.0,191.2700042724609,186.75,187.0500030517578,180.43307495117188,2982600,5
2021-04-23,187.02999877929688,189.1300048828125,187.02999877929688,188.72000122070312,182.0439910888672,2482800,6
2021-04-26,188.57000732421875,188.6499938964844,186.05999755859372,187.22000122070312,180.5970458984375,2797500,6
2021-04-27,184.0,185.8699951171875,180.7899932861328,182.2100067138672,175.7642822265625,6838700,1
2021-04-28,181.4499969482422,182.0,178.5800018310547,180.5500030517578,174.1630096435547,4682800,4
2021-04-29,181.05999755859372,182.6300048828125,180.0,182.1999969482422,175.75465393066406,2432500,3
2021-04-30,181.83999633789065,183.9499969482422,181.19000244140625,182.7700042724609,176.304443359375,3103900,6
2021-05-03,182.9900054931641,186.3500061035156,182.9199981689453,185.9199981689453,179.34304809570312,3197000,3
2021-05-04,187.52999877929688,190.0800018310547,186.77999877929688,188.1999969482422,181.5423889160156,3703500,8
2021-05-05,188.6499938964844,193.57000732421875,188.1699981689453,192.80999755859372,185.98928833007807,4274400,6
2021-05-06,191.5500030517578,194.1000061035156,189.32000732421875,193.88999938964844,187.03109741210935,3101600,3
2021-05-07,194.82000732421875,196.2700042724609,193.8999938964844,195.4199981689453,188.5070037841797,2526700,5
2021-05-10,196.1699981689453,196.6100006103516,193.5,194.75999450683597,187.87034606933597,2242000,4
2021-05-11,193.38999938964844,195.75,193.00999450683597,194.75,187.86068725585935,1850200,4
2021-05-12,194.75,195.6499938964844,192.72999572753903,193.1999969482422,186.36550903320312,2397400,2
2021-05-13,192.25,196.1100006103516,191.75,194.94000244140625,188.87493896484372,2174300,2
2021-05-14,195.7100067138672,197.2700042724609,194.9199981689453,196.2100067138672,190.1054229736328,1823700,2
2021-05-17,196.47999572753903,199.6100006103516,195.08999633789065,195.52999877929688,189.4465484619141,2466000,5
2021-05-18,195.0,196.3500061035156,193.5800018310547,194.6300048828125,188.57460021972656,2369400,2
2021-05-19,193.6100006103516,197.38999938964844,193.1100006103516,196.50999450683597,190.3960876464844,3070500,5
2021-05-20,197.16000366210935,201.0800018310547,196.1699981689453,199.52999877929688,193.32212829589844,3494400,4
2021-05-21,200.0,201.9199981689453,199.47000122070312,199.8800048828125,193.6612243652344,2579000,3
2021-05-24,201.0,203.6199951171875,200.0399932861328,201.0200042724609,194.76577758789065,2074900,3
2021-05-25,201.42999267578125,201.8500061035156,199.13999938964844,199.22000122070312,193.0217742919922,2919100,2
2021-05-26,199.22999572753903,202.44000244140625,198.25,200.9900054931641,194.73670959472656,2891300,5
2021-05-27,200.6499938964844,201.3800048828125,195.5,199.1999969482422,193.0023651123047,9340300,12
2021-05-28,199.1199951171875,202.27999877929688,198.52999877929688,199.7400054931641,193.5255889892578,2386000,8
2021-06-01,200.32000732421875,200.88999938964844,196.67999267578125,198.4199981689453,192.2466583251953,3070200,7
2021-06-02,199.00999450683597,200.9199981689453,198.25,199.1300048828125,192.93458557128903,2030300,6
2021-06-03,198.9900054931641,203.63999938964844,198.6100006103516,202.6999969482422,196.39349365234372,3066600,6
2021-06-04,202.7899932861328,204.4499969482422,201.2899932861328,202.0200042724609,195.73464965820312,2817700,5
2021-06-07,201.9900054931641,233.3300018310547,201.8300018310547,222.5200042724609,215.59686279296875,17231400,5
2021-06-08,221.7100067138672,222.2700042724609,217.3699951171875,220.6999969482422,213.83349609375,4618500,5
2021-06-09,221.3500061035156,226.72999572753903,220.25999450683597,226.0,218.96859741210935,4934900,3
2021-06-10,226.97000122070312,235.8500061035156,226.25,233.5399932861328,226.2740020751953,5598200,4
2021-06-11,227.02999877929688,229.58999633789065,221.55999755859372,224.08999633789065,217.1179962158203,5636000,8
2021-06-14,224.22999572753903,226.66000366210935,223.0200042724609,226.1000061035156,219.06546020507807,2720700,4
2021-06-15,226.1000061035156,226.66000366210935,222.8699951171875,223.5200042724609,216.5657501220703,2188900,5
2021-06-16,223.52999877929688,224.3600006103516,220.1999969482422,220.75999450683597,213.89157104492188,2548800,2
2021-06-17,220.2700042724609,223.1000061035156,220.2700042724609,222.2100067138672,215.2965240478516,1890700,5
2021-06-18,220.42999267578125,221.0500030517578,218.32000732421875,218.5500030517578,211.75035095214844,4016600,3
2021-06-21,219.1000061035156,223.7700042724609,218.0800018310547,222.6699981689453,215.74220275878903,3671300,3
2021-06-22,222.6300048828125,223.6100006103516,220.50999450683597,221.44000244140625,214.55044555664065,1658800,4
2021-06-23,222.19000244140625,222.2400054931641,217.0,217.1000061035156,210.3455047607422,2419600,5
2021-06-24,234.9199981689453,239.3699951171875,230.4199981689453,232.97000122070312,225.7217559814453,12290500,7
2021-06-25,233.1199951171875,233.4900054931641,229.38999938964844,230.22000122070312,223.05728149414065,6992200,2
2021-06-28,229.0,229.8800048828125,226.8800048828125,228.22000122070312,221.1195373535156,2507500,3
2021-06-29,228.25,231.3999938964844,227.8500061035156,229.3699951171875,222.23373413085935,1621200,1
2021-06-30,230.08999633789065,230.8500061035156,229.05999755859372,229.5200042724609,222.3791046142578,1786700,4
2021-07-01,229.50999450683597,231.5,228.66000366210935,231.1300048828125,223.93899536132807,1977300,5
2021-07-02,231.97000122070312,234.2100067138672,231.3300018310547,233.9600067138672,226.68093872070312,1994000,3
2021-07-06,233.6300048828125,235.5800018310547,233.22999572753903,235.4199981689453,228.09548950195312,3125400,4
2021-07-07,234.67999267578125,236.58999633789065,233.4600067138672,235.82000732421875,228.4830780029297,3141500,6
2021-07-08,233.8300018310547,237.2700042724609,232.1000061035156,237.1199951171875,229.7425994873047,2431500,2
2021-07-09,237.1699981689453,238.47000122070312,232.75,234.9900054931641,227.6788787841797,4030100,5
2021-07-12,235.1699981689453,238.0,235.1499938964844,236.00999450683597,228.66714477539065,2928600,6
2021-07-13,235.97999572753903,236.6499938964844,234.02999877929688,235.3000030517578,227.97923278808597,1974000,2
2021-07-14,235.7899932861328,237.22999572753903,234.72999572753903,236.3500061035156,228.9965667724609,2103400,5
2021-07-15,235.00999450683597,235.9900054931641,230.69000244140625,231.47000122070312,224.2683868408203,3611200,7
2021-07-16,232.5,233.0399932861328,231.2100067138672,232.4600067138672,225.2276153564453,2229100,8
2021-07-19,231.8800048828125,234.3000030517578,230.57000732421875,234.13999938964844,226.85531616210935,2305600,3
2021-07-20,235.0,237.75,233.94000244140625,235.0200042724609,227.70794677734372,2297800,7
2021-07-21,236.3800048828125,237.3699951171875,233.58999633789065,237.2899932861328,229.90728759765625,1651500,4
2021-07-22,237.27999877929688,239.6999969482422,236.3699951171875,238.4900054931641,231.07000732421875,1703500,6
2021-07-23,239.27999877929688,244.5500030517578,238.55999755859372,244.1499938964844,236.55389404296875,2448100,2
2021-07-26,242.57000732421875,245.27999877929688,242.57000732421875,243.2100067138672,235.6431427001953,2678800,3
2021-07-27,243.7100067138672,244.05999755859372,242.66000366210935,243.5800018310547,236.00161743164065,2116500,3
2021-07-28,243.3699951171875,248.3999938964844,242.63999938964844,246.50999450683597,238.8404693603516,1688000,6
2021-07-29,247.5,248.2400054931641,242.2400054931641,245.3300018310547,237.6971893310547,1924100,5
2021-07-30,244.8999938964844,245.9499969482422,242.6300048828125,243.5,235.92410278320312,1905100,7
2021-08-02,245.72999572753903,247.88999938964844,244.25,246.6000061035156,238.9276885986328,1958900,4
2021-08-03,244.75,259.3699951171875,243.5,255.9900054931641,248.02554321289065,5406200,8
2021-08-04,256.0,270.6499938964844,255.4199981689453,262.4700012207031,254.3038787841797,3892400,6
2021-08-05,263.2799987792969,265.510009765625,261.3299865722656,264.19000244140625,255.97042846679688,2262400,3
2021-08-06,263.510009765625,264.2699890136719,260.739990234375,263.44000244140625,255.2437438964844,2155200,5
2021-08-09,264.5799865722656,273.0400085449219,264.5,267.1600036621094,258.84796142578125,3238500,7
2021-08-10,266.75,271.0799865722656,266.17999267578125,269.45001220703125,261.0667724609375,2060200,6
2021-08-11,269.5899963378906,270.94000244140625,262.6600036621094,264.1000061035156,255.8832244873047,2813300,2
2021-08-12,263.20001220703125,264.5400085449219,261.489990234375,263.4700012207031,256.0970458984375,2100900,3
2021-08-13,263.1499938964844,265.69000244140625,263.0199890136719,264.2099914550781,256.8162841796875,1482300,7
2021-08-16,264.8800048828125,270.260009765625,264.2699890136719,269.94000244140625,262.385986328125,2623200,3
2021-08-17,271.1600036621094,275.8699951171875,267.17999267578125,272.7099914550781,265.0784912109375,2096100,7
2021-08-18,272.010009765625,274.760009765625,268.0299987792969,268.5199890136719,261.0057067871094,2527400,1
2021-08-19,266.1499938964844,271.8500061035156,265.42999267578125,270.3999938964844,262.8330993652344,1901000,6
2021-08-20,269.3800048828125,272.8699951171875,269.0599975585937,270.9100036621094,263.3288269042969,1536800,2
2021-08-23,272.29998779296875,272.9100036621094,267.70001220703125,267.82000732421875,260.3253173828125,2438800,3
2021-08-24,266.20001220703125,267.44000244140625,261.7799987792969,262.7699890136719,255.41668701171875,3736000,11
2021-08-25,262.7799987792969,264.5199890136719,261.2900085449219,263.8699951171875,256.48583984375,2388500,2
2021-08-26,264.0,265.5899963378906,260.5799865722656,261.32000732421875,254.00718688964844,1732900,4
2021-08-27,262.5199890136719,263.1300048828125,258.5799865722656,259.75,252.48110961914065,1839700,3
2021-08-30,261.0299987792969,264.07000732421875,259.6099853515625,262.3099975585937,254.9694976806641,1300700,8
2021-08-31,262.8399963378906,263.6400146484375,257.8599853515625,258.2900085449219,251.06202697753903,2733400,5
2021-09-01,258.5400085449219,258.7699890136719,254.4900054931641,257.3999938964844,250.1968994140625,2956800,5
2021-09-02,257.4100036621094,259.7300109863281,256.4700012207031,259.57000732421875,252.30618286132807,1469700,4
2021-09-03,260.8299865722656,260.989990234375,256.7799987792969,259.5299987792969,252.26727294921875,1124500,6
2021-09-07,259.0,260.82000732421875,254.41000366210935,254.8000030517578,247.66966247558597,2403700,6
2021-09-08,254.6000061035156,255.7100067138672,253.67999267578125,254.83999633789065,247.7085418701172,1542400,3
2021-09-09,253.2899932861328,254.0200042724609,239.6699981689453,240.0,233.2838287353516,4976600,5
2021-09-10,242.1999969482422,243.88999938964844,238.57000732421875,239.5,232.79782104492188,4633500,8
2021-09-13,240.0399932861328,241.1499938964844,235.1499938964844,237.9600067138672,231.30093383789065,2832800,2
2021-09-14,238.72000122070312,239.7899932861328,231.97999572753903,233.08999633789065,226.5671844482422,3826000,4
2021-09-15,233.5800018310547,239.3800048828125,233.05999755859372,233.72999572753903,227.18927001953125,2802500,6
2021-09-16,234.0800018310547,234.69000244140625,229.72999572753903,231.0399932861328,224.57455444335935,2958700,6
2021-09-17,229.7100067138672,230.8300018310547,228.22999572753903,230.1000061035156,223.66087341308597,4480000,6
2021-09-20,228.08999633789065,232.72999572753903,227.2899932861328,231.63999938964844,225.1577606201172,2803400,3
2021-09-21,232.05999755859372,233.72000122070312,229.7400054931641,230.1699981689453,223.72889709472656,2172800,1
2021-09-22,230.0,231.02999877929688,227.5800018310547,228.3000030517578,221.9112548828125,2529600,9
2021-09-23,229.3000030517578,234.1999969482422,229.00999450683597,232.17999267578125,225.68264770507807,1912300,4
2021-09-24,232.7700042724609,235.38999938964844,231.33999633789065,231.67999267578125,225.19664001464844,1642500,1
2021-09-27,229.97000122070312,231.05999755859372,225.6100006103516,226.3999938964844,220.06439208984372,2785900,7
2021-09-28,226.38999938964844,226.3999938964844,220.1999969482422,221.6000061035156,215.39874267578125,3583300,5
2021-09-29,225.41000366210935,231.44000244140625,224.55999755859372,230.3600006103516,223.91358947753903,3971000,2
2021-09-30,232.77999877929688,237.16000366210935,230.8000030517578,231.0500030517578,224.5843048095703,3786100,2
2021-10-01,231.0,231.67999267578125,225.4499969482422,229.58999633789065,223.1651306152344,2215700,5
2021-10-04,227.8000030517578,230.19000244140625,224.22000122070312,224.8500061035156,218.5577850341797,4784700,3
2021-10-05,226.44000244140625,232.55999755859372,226.1699981689453,230.92999267578125,224.4676513671875,2802000,2
2021-10-06,230.55999755859372,230.8500061035156,226.0500030517578,227.8500061035156,221.47386169433597,2462700,1
2021-10-07,229.1199951171875,234.1100006103516,229.0,233.17999267578125,226.6546936035156,2001800,3
2021-10-11,236.6999969482422,237.9900054931641,233.6000061035156,233.6699981689453,227.1309509277344,1892300,4
2021-10-12,234.6999969482422,235.07000732421875,231.97999572753903,232.77999877929688,226.265869140625,1719200,5
2021-10-13,234.07000732421875,237.9199981689453,232.8000030517578,236.44000244140625,229.8234405517578,2105700,2
2021-10-14,237.00999450683597,238.44000244140625,234.1100006103516,236.69000244140625,230.0664520263672,1824700,2
2021-10-15,237.4199981689453,239.3000030517578,235.82000732421875,237.8800048828125,231.22315979003903,2598300,6
2021-10-18,237.9499969482422,242.66000366210935,236.6999969482422,238.97999572753903,232.2923583984375,2546000,2
2021-10-19,239.05999755859372,242.5500030517578,239.05999755859372,242.30999755859372,235.52919006347656,1573200,2
2021-10-21,244.9499969482422,244.9499969482422,239.8300018310547,241.1699981689453,234.42108154296875,1717700,2
2021-10-22,240.9600067138672,244.0399932861328,239.55999755859372,243.75,236.92889404296875,1960700,8
2021-10-25,244.66000366210935,246.2700042724609,240.5200042724609,245.0500030517578,238.1925048828125,2763100,2
2021-10-26,244.5,248.9199981689453,237.08999633789065,248.44000244140625,241.48765563964844,4533000,4
2021-10-27,248.6100006103516,254.4600067138672,248.32000732421875,250.1699981689453,243.1692352294922,3181300,3
2021-10-28,250.16000366210935,256.75,250.0800018310547,253.3500061035156,246.26025390625,3386500,3
2021-10-29,253.77999877929688,256.4700012207031,251.7700042724609,254.75999450683597,247.6307678222656,3152000,7
2021-11-01,255.1100006103516,256.4800109863281,248.0500030517578,249.30999755859372,242.3332977294922,2735800,2
2021-11-03,257.7699890136719,266.7900085449219,257.760009765625,266.260009765625,258.8089599609375,4382900,7
2021-11-04,265.4800109863281,271.1099853515625,265.2699890136719,271.0,263.41632080078125,4133400,6
2021-11-05,268.989990234375,269.489990234375,258.5599975585937,265.0,257.584228515625,3745700,3
2021-11-08,263.989990234375,266.9100036621094,259.1499938964844,260.5299987792969,253.23928833007807,2386100,2
2021-11-09,260.5299987792969,262.1600036621094,258.3900146484375,262.0199890136719,254.68760681152344,1963800,3
2021-11-10,262.0,266.0,261.6000061035156,264.6499938964844,257.2439880371094,2215100,3
2021-11-11,262.32000732421875,264.32000732421875,261.95001220703125,262.6300048828125,255.2805328369141,1739400,3
2021-11-15,259.3900146484375,259.6099853515625,257.1600036621094,258.42999267578125,252.01368713378903,1903200,2
2021-11-16,256.9599914550781,260.3500061035156,255.9900054931641,257.7200012207031,251.32131958007807,2565700,3
2021-11-17,256.8099975585937,264.54998779296875,256.07000732421875,261.17999267578125,254.6953887939453,2873600,3
2021-11-18,262.0,263.79998779296875,259.82000732421875,261.3299865722656,254.84169006347656,1689200,6
2021-11-19,266.42999267578125,270.79998779296875,260.29998779296875,260.70001220703125,254.22738647460935,2786800,11
2021-11-22,262.2200012207031,263.989990234375,259.1300048828125,260.44000244140625,253.97386169433597,1995400,5
2021-11-23,259.4700012207031,262.760009765625,259.25,261.9599914550781,255.4561004638672,1986200,5
2021-11-24,262.7699890136719,264.94000244140625,260.04998779296875,262.0,255.4950714111328,2518500,9
2021-11-26,261.79998779296875,265.8800048828125,259.0299987792969,260.3699951171875,253.9055328369141,1495500,6
2021-11-29,260.0199890136719,262.32000732421875,254.5,254.8300018310547,248.5030975341797,4041700,4
2021-11-30,253.2700042724609,254.0,246.47999572753903,248.0399932861328,241.88168334960935,8265900,3
2021-12-01,249.44000244140625,255.3000030517578,247.88999938964844,249.1300048828125,242.94461059570312,3241400,4
2021-12-02,246.5200042724609,249.97999572753903,245.1199951171875,247.8800048828125,241.7256622314453,3817700,2
2021-12-03,252.1300048828125,253.47999572753903,243.0800018310547,245.5800018310547,239.48275756835935,4169700,7
2021-12-06,245.9199981689453,246.94000244140625,241.52999877929688,246.3300018310547,240.21414184570312,3491200,5
2021-12-07,244.2400054931641,245.44000244140625,241.4499969482422,245.1100006103516,239.02442932128903,4035800,7
2021-12-08,246.6100006103516,248.17999267578125,239.47000122070312,244.32000732421875,238.2540435791016,3636200,5
2021-12-09,244.4900054931641,245.91000366210935,242.75,242.8999938964844,236.8692626953125,2291100,2
2021-12-10,241.1999969482422,244.58999633789065,241.1999969482422,244.13999938964844,238.07850646972656,2380800,2
2021-12-13,245.50999450683597,250.6999969482422,245.4600067138672,248.52999877929688,242.3594970703125,3016700,2
2021-12-14,247.7400054931641,250.00999450683597,246.38999938964844,249.3800048828125,243.18841552734372,3424000,7
2021-12-15,262.07000732421875,275.5400085449219,257.2099914550781,275.2799987792969,268.44537353515625,10016700,3
2021-12-17,276.6700134277344,276.6700134277344,265.3299865722656,267.4200134277344,260.7804870605469,7582900,5
2021-12-20,269.2300109863281,270.010009765625,260.3500061035156,263.4800109863281,256.9383239746094,3479400,7
2021-12-21,264.0,265.95001220703125,260.57000732421875,264.8800048828125,258.3036193847656,2702500,3
2021-12-22,264.739990234375,266.5599975585937,262.8500061035156,266.5,259.8833312988281,2721000,4
2021-12-23,269.04998779296875,275.2699890136719,266.67999267578125,273.1000061035156,266.3195495605469,2632200,3
2021-12-27,275.0400085449219,280.29998779296875,274.7200012207031,278.4100036621094,271.49761962890625,1677100,3
2021-12-28,279.3399963378906,279.3999938964844,275.8900146484375,276.42999267578125,269.5668640136719,1033900,1
2021-12-29,275.82000732421875,279.3599853515625,275.739990234375,278.4200134277344,271.5074157714844,1112300,3
2021-12-30,279.19000244140625,280.6499938964844,276.3699951171875,277.25,270.36651611328125,1181500,6
2021-12-31,277.4700012207031,278.7300109863281,276.010009765625,276.2200012207031,269.3620300292969,1315700,3
2022-01-03,274.4100036621094,274.4100036621094,267.0599975585937,271.7300109863281,264.9835205078125,2621300,3
2022-01-04,269.0,269.8800048828125,263.5799865722656,266.8099975585937,260.1856384277344,2340500,4
2022-01-05,268.1600036621094,268.7699890136719,260.4200134277344,260.6499938964844,254.17855834960935,3004200,6
2022-01-06,260.1000061035156,261.29998779296875,255.4600067138672,259.3299865722656,252.891357421875,2863200,4
2022-01-07,259.739990234375,261.25,256.7099914550781,259.5,253.05714416503903,2245100,2
2022-01-10,258.19000244140625,260.1600036621094,255.88999938964844,260.1099853515625,253.6519775390625,2576700,5
2022-01-11,261.5899963378906,262.4100036621094,257.0599975585937,262.32000732421875,255.80714416503903,2294000,1
2022-01-12,252.8999938964844,257.44000244140625,250.97000122070312,255.9199981689453,249.56602478027344,6562800,3
2022-01-13,254.07000732421875,255.5,248.5500030517578,249.6699981689453,243.47119140625,3726500,6
2022-01-14,250.1499938964844,250.5399932861328,242.8999938964844,244.1199951171875,238.0589904785156,2894300,2
2022-01-18,242.75,248.5200042724609,242.08999633789065,247.07000732421875,240.93577575683597,3241200,6
2022-01-19,246.3300018310547,250.41000366210935,244.72999572753903,245.0500030517578,238.96592712402344,2487600,4
2022-01-20,245.5800018310547,247.9499969482422,242.5,243.1300048828125,237.0935821533203,2655400,4
2022-01-21,246.8800048828125,247.8800048828125,242.1199951171875,243.05999755859372,237.0252990722656,2788600,2
2022-01-24,242.5500030517578,243.75999450683597,232.67999267578125,240.4199981689453,234.4508819580078,3712800,1
2022-01-25,236.80999755859372,241.52999877929688,235.1199951171875,239.4600067138672,233.5147247314453,2525100,2
2022-01-26,239.6300048828125,242.42999267578125,235.91000366210935,237.8600006103516,231.9543914794922,2913200,6
2022-01-28,237.4900054931641,245.22000122070312,235.0500030517578,245.1000061035156,239.01467895507807,3081100,3
2022-01-31,243.2700042724609,245.4900054931641,241.9199981689453,245.38999938964844,239.2974853515625,3237100,6
2022-02-01,247.0500030517578,248.83999633789065,243.25999450683597,248.27999877929688,242.1157073974609,2449400,2
2022-02-02,245.3500061035156,251.8800048828125,244.02999877929688,250.8300018310547,244.6024169921875,2586700,4
2022-02-03,247.5,248.1199951171875,241.1000061035156,244.80999755859372,238.7318572998047,3473600,4
2022-02-04,242.72000122070312,244.1000061035156,241.22000122070312,242.2700042724609,236.25494384765625,3569300,1
2022-02-07,242.41000366210935,244.02999877929688,240.3000030517578,243.5500030517578,237.50315856933597,3948300,7
2022-02-08,241.8999938964844,242.88999938964844,237.47000122070312,239.91000366210935,233.9535217285156,2615000,4
2022-02-09,241.25999450683597,244.4600067138672,241.05999755859372,243.2700042724609,237.2301177978516,1759900,4
2022-02-10,239.8999938964844,244.08999633789065,238.1100006103516,239.63999938964844,233.69024658203125,2283100,4
2022-02-11,239.22999572753903,240.6300048828125,234.8500061035156,235.7400054931641,229.88706970214844,2054300,2
2022-02-14,234.0,236.8800048828125,231.8699951171875,234.69000244140625,229.8185272216797,2572000,2
2022-02-15,236.6499938964844,244.7899932861328,236.6499938964844,243.83999633789065,238.778564453125,3409600,9
2022-02-16,242.5800018310547,247.0200042724609,242.5800018310547,245.5800018310547,240.48245239257807,2459000,5
2022-02-17,245.5800018310547,245.58999633789065,240.41000366210935,240.97000122070312,235.96815490722656,2059100,6
2022-02-18,238.0200042724609,242.42999267578125,238.0200042724609,240.30999755859372,235.32183837890625,2517900,5
2022-02-22,239.2100067138672,240.8600006103516,237.5200042724609,239.1300048828125,234.16636657714844,2936700,2
2022-02-23,240.5500030517578,242.67999267578125,238.0200042724609,238.30999755859372,233.3633728027344,2296300,2
2022-02-24,235.17999267578125,243.92999267578125,234.0,243.0800018310547,238.0343475341797,3272300,9
2022-02-25,243.83999633789065,252.8999938964844,243.72999572753903,250.8500061035156,245.64308166503903,2442200,4
2022-02-28,246.13999938964844,250.05999755859372,244.58999633789065,249.9499969482422,244.7617645263672,3188800,3
2022-03-01,247.55999755859372,250.33999633789065,245.44000244140625,249.5,244.32110595703125,2873200,4
2022-03-02,249.8800048828125,256.4800109863281,249.05999755859372,254.1699981689453,248.8941802978516,2452000,5
2022-03-03,254.8300018310547,259.5799865722656,254.38999938964844,258.6400146484375,253.2714080810547,3153700,7
2022-03-04,256.2099914550781,263.4599914550781,255.5200042724609,262.8699951171875,257.4136047363281,3497100,2
2022-03-07,259.8599853515625,263.6300048828125,257.8599853515625,261.6400146484375,256.2091369628906,3074800,6
2022-03-08,259.92999267578125,265.29998779296875,258.9100036621094,259.92999267578125,254.53463745117188,3482600,3
2022-03-09,263.29998779296875,267.7900085449219,262.07000732421875,262.7900085449219,257.3352355957031,2965900,3
2022-03-10,262.8399963378906,267.7300109863281,262.8399963378906,266.0199890136719,260.4981994628906,2797200,2
2022-03-11,265.07000732421875,271.7200012207031,265.07000732421875,266.29998779296875,260.7723693847656,2469600,3
2022-03-14,268.989990234375,270.8999938964844,267.32000732421875,269.0,263.4163818359375,2713800,2
2022-03-15,269.8699951171875,276.4800109863281,269.8699951171875,275.4599914550781,269.7422180175781,4396900,3
2022-03-16,277.8500061035156,278.6099853515625,273.010009765625,276.44000244140625,270.7018737792969,3148600,5
2022-03-17,277.010009765625,285.8900146484375,276.45001220703125,285.510009765625,279.5836486816406,3270100,3
2022-03-18,285.8399963378906,291.3500061035156,284.8599853515625,287.6400146484375,281.6694030761719,4557900,7
2022-03-21,287.760009765625,295.3299865722656,287.760009765625,289.6400146484375,283.6279296875,3495700,5
2022-03-22,289.6700134277344,290.5599975585937,283.3900146484375,285.0199890136719,279.10382080078125,3791600,1
2022-03-23,284.4200134277344,288.17999267578125,283.3500061035156,284.19000244140625,278.2910461425781,3149200,5
2022-03-24,286.2900085449219,288.8500061035156,284.6600036621094,287.69000244140625,281.7183532714844,2412400,2
2022-03-25,288.5,291.6499938964844,286.5799865722656,289.0199890136719,283.020751953125,2399800,3
2022-03-29,292.0299987792969,293.1400146484375,287.5799865722656,288.3900146484375,282.4039001464844,2798100,4
2022-03-30,290.5799865722656,292.2900085449219,287.989990234375,289.8900146484375,283.87274169921875,2220100,4
2022-03-31,289.3699951171875,291.79998779296875,285.9200134277344,286.3699951171875,280.4257507324219,3227600,6
2022-04-01,286.1499938964844,293.1400146484375,284.0,292.6700134277344,286.5950012207031,3066200,7
2022-04-04,292.75,294.9800109863281,290.95001220703125,291.4200134277344,285.3709411621094,3014100,5
2022-04-05,291.7200012207031,295.8299865722656,289.1000061035156,292.489990234375,286.41876220703125,2324200,6
2022-04-06,296.0899963378906,306.5599975585937,294.7699890136719,305.8399963378906,299.4916381835937,4672900,6
2022-04-07,305.0,314.0,305.0,308.42999267578125,302.0278625488281,4270800,5
2022-04-08,308.0,312.3800048828125,307.95001220703125,311.69000244140625,305.22021484375,3024700,3
2022-04-11,313.0899963378906,313.760009765625,308.04998779296875,308.9599914550781,302.546875,2178100,5
2022-04-13,307.2799987792969,308.29998779296875,300.4100036621094,302.6700134277344,296.387451171875,2528700,4
2022-04-14,303.75,304.4700012207031,300.19000244140625,301.8599853515625,295.59423828125,1898100,1
2022-04-18,301.07000732421875,302.0599975585937,296.79998779296875,298.82000732421875,292.61737060546875,1581400,6
2022-04-19,298.4100036621094,299.69000244140625,293.79998779296875,297.010009765625,290.8449401855469,2021700,2
2022-04-20,297.0199890136719,299.0,292.29998779296875,292.9200134277344,286.8397827148437,2608600,7
2022-04-21,292.9200134277344,293.45001220703125,286.6600036621094,289.6099853515625,283.5985107421875,2716800,2
2022-04-22,289.29998779296875,289.6199951171875,278.3999938964844,278.7300109863281,272.94439697265625,2772600,3
2022-04-25,278.75,285.95001220703125,276.8299865722656,285.20001220703125,279.28009033203125,2410200,6
2022-04-26,286.17999267578125,290.2099914550781,282.7900085449219,282.8299865722656,276.9592590332031,2166600,3
2022-04-27,283.1000061035156,288.1300048828125,280.5899963378906,285.0899963378906,279.1723327636719,2352100,2
2022-04-28,295.989990234375,300.510009765625,288.5599975585937,297.2699890136719,291.0995178222656,5886900,5
2022-04-29,295.7900085449219,297.3099975585937,289.1400146484375,292.1300048828125,286.06622314453125,3910900,5
2022-05-02,291.2300109863281,292.8399963378906,284.2799987792969,289.5599975585937,283.549560546875,2789900,6
2022-05-03,288.6300048828125,289.8099975585937,284.1099853515625,288.07000732421875,282.09051513671875,2109500,4
2022-05-04,288.5,296.9800109863281,284.1199951171875,294.8999938964844,288.7787170410156,2743600,3
2022-05-05,293.4200134277344,294.989990234375,288.29998779296875,292.3699951171875,286.3013000488281,3120200,5
2022-05-06,290.1700134277344,298.25,288.5199890136719,296.8999938964844,290.7371826171875,2931200,4
2022-05-09,293.510009765625,294.92999267578125,286.6499938964844,289.2300109863281,283.2264709472656,3460500,1
2022-05-10,292.0,293.42999267578125,285.0,285.70001220703125,279.76971435546875,3140800,5
2022-05-11,283.6700134277344,294.5,283.0,286.69000244140625,280.7391357421875,2625200,1
2022-05-12,283.3299865722656,291.989990234375,283.3299865722656,291.79998779296875,285.7430725097656,2370000,5
2022-05-13,292.6300048828125,292.79998779296875,286.510009765625,291.6300048828125,286.5389404296875,2337700,4
2022-05-16,292.1099853515625,309.44000244140625,291.6000061035156,299.3800048828125,294.1536560058594,5118300,4
2022-05-17,300.0,303.3999938964844,293.3900146484375,301.3999938964844,296.13836669921875,2553000,1
2022-05-18,300.0,302.6000061035156,294.0299987792969,295.19000244140625,290.0368347167969,2161400,3
2022-05-19,293.5799865722656,293.5799865722656,284.3699951171875,286.2699890136719,281.27252197265625,3157400,6
2022-05-20,290.7300109863281,299.239990234375,288.9200134277344,298.8500061035156,293.6329040527344,3129100,3
2022-05-23,300.6000061035156,304.9200134277344,299.3500061035156,302.6000061035156,297.3174133300781,2873600,2
2022-05-24,303.7099914550781,307.6700134277344,299.79998779296875,305.9599914550781,300.6188049316406,2804900,3
2022-05-25,307.0,310.4200134277344,304.6400146484375,307.010009765625,301.65045166015625,3195700,2
2022-05-26,305.2300109863281,313.9100036621094,303.6099853515625,313.4599914550781,307.9878234863281,3284200,3
2022-05-27,312.6499938964844,324.0799865722656,311.260009765625,323.4800109863281,317.8329772949219,3694300,6
2022-05-31,316.6300048828125,318.4599914550781,309.0299987792969,313.44000244140625,307.9682006835937,6298900,3
2022-06-01,313.44000244140625,313.8999938964844,305.5899963378906,311.0799865722656,305.6493835449219,2731500,3
2022-06-02,310.57000732421875,310.6700134277344,298.1700134277344,302.42999267578125,297.150390625,3703300,1
2022-06-03,302.1600036621094,305.8099975585937,300.70001220703125,301.6499938964844,296.3840026855469,2490000,3
2022-06-06,315.1300048828125,315.1300048828125,303.0899963378906,303.3599853515625,298.0641784667969,3734400,2
2022-06-07,303.989990234375,312.1499938964844,303.0199890136719,312.1000061035156,306.6515808105469,3652800,7
2022-06-08,312.42999267578125,315.5,310.8099975585937,313.489990234375,308.0173034667969,2684500,5
2022-06-09,311.6000061035156,311.9200134277344,303.1099853515625,303.25,297.9560852050781,1963300,4
2022-06-10,299.2300109863281,301.6600036621094,296.8699951171875,297.010009765625,291.8250427246094,2469800,3
2022-06-13,290.42999267578125,293.1600036621094,288.510009765625,291.2799987792969,286.195068359375,2898800,5
2022-06-15,291.6000061035156,296.3399963378906,288.5299987792969,292.989990234375,287.8751525878906,1970100,3
2022-06-16,290.20001220703125,290.20001220703125,283.1099853515625,288.07000732421875,283.0411071777344,2628600,6
2022-06-17,290.010009765625,300.989990234375,289.67999267578125,290.8999938964844,285.8216247558594,6900000,6
2022-06-21,292.3800048828125,299.2799987792969,290.3099975585937,297.3399963378906,292.1492614746094,2821300,3
2022-06-22,296.9599914550781,309.6499938964844,296.42999267578125,306.69000244140625,301.3360595703125,4535700,6
2022-06-23,309.5,313.19000244140625,307.19000244140625,312.7200012207031,307.2607727050781,3729300,6
2022-06-24,319.54998779296875,325.82000732421875,319.010009765625,325.6199951171875,319.9355773925781,5449900,3
2022-06-27,324.2300109863281,330.8500061035156,322.0,327.2699890136719,321.5567626953125,3218900,4
2022-06-28,326.5199890136719,329.07000732421875,316.760009765625,317.6199951171875,312.0751953125,2742900,6
2022-06-29,318.1600036621094,324.70001220703125,317.6499938964844,323.0,317.3612976074219,2562500,3
2022-06-30,322.1300048828125,327.04998779296875,320.010009765625,324.2300109863281,318.5698547363281,2732900,6
2022-07-01,323.8800048828125,325.3999938964844,317.760009765625,324.7099914550781,319.0414428710937,1817800,6
2022-07-05,322.44000244140625,327.42999267578125,318.92999267578125,327.17999267578125,321.46832275390625,2107700,6
2022-07-06,328.0,332.739990234375,326.75,330.1499938964844,324.3865051269531,2252500,6
2022-07-07,327.25,330.5,326.239990234375,327.95001220703125,322.2248840332031,2395000,3
2022-07-08,326.54998779296875,334.5199890136719,326.1600036621094,330.4700012207031,324.700927734375,1898200,4
2022-07-11,330.6099853515625,332.67999267578125,329.42999267578125,331.07000732421875,325.2904357910156,1342600,4
2022-07-12,330.0,331.989990234375,323.3599853515625,323.5899963378906,317.94097900390625,2058200,1
2022-07-13,322.010009765625,324.67999267578125,320.8299865722656,322.4599914550781,316.8307189941406,2564200,5
2022-07-15,331.9700012207031,335.3299865722656,328.1700134277344,331.6000061035156,325.8111572265625,3340300,4
2022-07-18,330.1199951171875,331.9700012207031,319.7099914550781,321.7699890136719,316.1527709960937,2116300,3
2022-07-19,324.0899963378906,327.3800048828125,321.8399963378906,326.20001220703125,320.50543212890625,1628100,4
2022-07-20,327.0899963378906,327.82000732421875,320.3099975585937,322.0299987792969,316.4082336425781,2051000,3
2022-07-21,321.45001220703125,328.04998779296875,319.7099914550781,326.9200134277344,321.212890625,1692100,3
2022-07-22,326.95001220703125,329.2200012207031,325.8299865722656,328.75,323.01092529296875,1850800,4
2022-07-25,328.75,332.2699890136719,328.0599975585937,331.54998779296875,325.7620544433594,1741700,4
2022-07-26,330.989990234375,332.57000732421875,328.6099853515625,331.5599975585937,325.7719116210937,1812300,3
2022-07-27,328.9800109863281,330.8699951171875,325.19000244140625,328.94000244140625,323.1976318359375,1643000,5
2022-07-29,331.0599975585937,331.0599975585937,326.82000732421875,329.69000244140625,323.9345397949219,3399900,2
2022-08-01,327.510009765625,330.42999267578125,323.4599914550781,324.1499938964844,318.4912414550781,2464300,6
2022-08-02,327.19000244140625,328.9800109863281,319.3599853515625,320.20001220703125,314.6102294921875,3405700,3
2022-08-03,320.6300048828125,320.9800109863281,310.2200012207031,313.8299865722656,308.3513488769531,5152200,3
2022-08-04,310.20001220703125,310.25,302.239990234375,305.7900085449219,300.4517517089844,4696300,9
2022-08-08,300.6499938964844,306.1199951171875,296.5299987792969,302.5,297.2191772460937,3218900,5
2022-08-09,305.0899963378906,306.70001220703125,301.29998779296875,303.0199890136719,297.7300720214844,2122900,5
2022-08-10,304.5,307.1300048828125,302.5899963378906,304.6099853515625,299.2923278808594,2351000,3
2022-08-11,301.0299987792969,305.4200134277344,299.6300048828125,301.1700134277344,295.91241455078125,2198800,2
2022-08-15,309.2099914550781,314.6099853515625,307.3099975585937,313.94000244140625,309.4664611816406,2795800,5
2022-08-16,313.92999267578125,314.3699951171875,309.6300048828125,310.3099975585937,305.88818359375,2248000,3
2022-08-17,310.010009765625,320.6000061035156,310.010009765625,316.82000732421875,312.3054504394531,2747200,2
2022-08-18,316.75,318.9599914550781,314.20001220703125,316.7200012207031,312.20684814453125,2261600,6
2022-08-19,317.510009765625,325.75,317.5,322.7699890136719,318.170654296875,3393100,2
2022-08-22,322.2799987792969,325.7699890136719,320.3900146484375,323.1000061035156,318.4959411621094,2488000,4
2022-08-23,321.239990234375,321.8399963378906,313.8699951171875,315.1000061035156,310.60992431640625,2962000,2
2022-08-24,316.4700012207031,320.8599853515625,315.2200012207031,318.8699951171875,314.3262023925781,1827000,2
2022-08-25,320.6000061035156,323.3699951171875,315.8299865722656,323.1400146484375,318.5353698730469,1977900,6
2022-08-26,323.5899963378906,324.5899963378906,315.2699890136719,315.5599975585937,311.0633850097656,1858000,2
2022-08-29,313.3399963378906,314.8699951171875,309.67999267578125,310.1499938964844,305.73046875,1697000,5
2022-08-30,310.1400146484375,311.9700012207031,306.010009765625,307.0400085449219,302.66485595703125,1980300,4
2022-08-31,307.1400146484375,308.82000732421875,301.1099853515625,301.2300109863281,296.9375915527344,3183500,4
2022-09-01,301.0,309.4100036621094,300.5,309.1300048828125,304.7250061035156,2939200,4
2022-09-02,310.1099853515625,310.2200012207031,299.760009765625,301.3299865722656,297.0361328125,2525400,4
2022-09-06,302.95001220703125,312.8299865722656,302.2300109863281,306.82000732421875,302.44793701171875,2322200,2
2022-09-07,308.7699890136719,312.3999938964844,304.8800048828125,311.6000061035156,307.15985107421875,2228100,4
2022-09-08,311.95001220703125,315.7300109863281,307.5899963378906,315.5,311.0042724609375,2212500,4
2022-09-09,316.45001220703125,320.1700134277344,315.2200012207031,317.70001220703125,313.1728820800781,2177000,7
2022-09-12,318.8900146484375,320.45001220703125,314.8800048828125,315.2200012207031,310.72821044921875,2077400,7
2022-09-13,310.010009765625,312.3099975585937,304.989990234375,306.4800109863281,302.11279296875,2272400,2
2022-09-14,307.2099914550781,311.8099975585937,305.8999938964844,309.6099853515625,305.1981506347656,2002900,3
2022-09-15,309.7099914550781,312.2799987792969,305.75,309.4700012207031,305.0601806640625,2348100,3
2022-09-16,307.9700012207031,311.9599914550781,306.739990234375,308.8900146484375,304.4884338378906,4380200,8
2022-09-19,306.4800109863281,306.5199890136719,297.6499938964844,305.0899963378906,300.7425842285156,2515300,5
2022-09-20,303.82000732421875,303.82000732421875,298.94000244140625,301.7300109863281,297.4304504394531,1816800,2
2022-09-21,301.0,304.5299987792969,296.32000732421875,296.4800109863281,292.2553100585937,2241200,2
2022-09-22,300.79998779296875,312.6099853515625,299.9599914550781,310.8699951171875,306.44024658203125,5918300,2
2022-09-23,311.8699951171875,315.17999267578125,305.1199951171875,311.4599914550781,307.02178955078125,4572600,5
2022-09-26,308.79998779296875,311.7300109863281,304.8800048828125,307.5,303.11822509765625,3760000,5
2022-09-27,309.1499938964844,313.95001220703125,308.32000732421875,311.1000061035156,306.6669616699219,3019600,1
2022-09-28,333.5299987792969,341.70001220703125,328.1000061035156,334.3800048828125,329.6152648925781,9436300,4
2022-09-29,333.9700012207031,334.67999267578125,327.2699890136719,330.010009765625,325.3074951171875,3743100,2
2022-09-30,327.1499938964844,329.510009765625,322.4200134277344,323.3500061035156,318.74237060546875,4474100,6
2022-10-03,325.989990234375,329.3500061035156,317.04998779296875,321.54998779296875,316.9679870605469,3340500,3
2022-10-04,322.17999267578125,330.1000061035156,321.7799987792969,329.8900146484375,325.189208984375,2622500,5
2022-10-05,328.29998779296875,333.8500061035156,327.5199890136719,331.7799987792969,327.0522766113281,2186100,4
2022-10-06,327.94000244140625,339.260009765625,326.8699951171875,332.95001220703125,328.20562744140625,4299200,1
2022-10-07,332.9700012207031,333.07000732421875,324.8999938964844,326.6600036621094,322.00518798828125,2601600,5
2022-10-10,326.2300109863281,327.010009765625,320.239990234375,323.8900146484375,319.27471923828125,1956200,1
2022-10-11,320.0,329.0299987792969,319.42999267578125,327.6000061035156,322.93182373046875,2598900,7
2022-10-12,327.3800048828125,333.6499938964844,323.8800048828125,324.57000732421875,319.9449768066406,1764700,4
2022-10-13,319.1199951171875,333.3699951171875,319.1000061035156,332.1000061035156,327.36773681640625,2657400,5
2022-10-14,331.5599975585937,335.2900085449219,328.2300109863281,331.3900146484375,326.6678161621094,2231400,5
2022-10-17,332.7900085449219,337.5799865722656,331.75,332.760009765625,328.018310546875,2230000,8
2022-10-18,334.1400146484375,335.3299865722656,330.3699951171875,335.0299987792969,330.2559814453125,2087100,1
2022-10-19,335.25,335.6300048828125,325.9700012207031,329.2900085449219,324.5978088378906,2419000,4
2022-10-20,331.1499938964844,331.44000244140625,325.8999938964844,329.07000732421875,324.3808898925781,1761200,8
2022-10-21,329.07000732421875,342.42999267578125,326.7699890136719,340.7699890136719,335.9141540527344,3274700,2
2022-10-24,344.2200012207031,351.7699890136719,344.2200012207031,347.8999938964844,342.94256591796875,3375900,4
2022-10-25,346.5199890136719,352.3299865722656,343.04998779296875,351.3099975585937,346.3039245605469,2513100,5
2022-10-26,352.5,361.4800109863281,350.44000244140625,357.8599853515625,352.7606201171875,2373500,6
2022-10-27,358.989990234375,361.1199951171875,355.32000732421875,356.3299865722656,351.2524108886719,2347600,3
2022-10-28,360.3200073242188,362.0,357.0400085449219,359.8999938964844,354.7715759277344,2942100,4
2022-10-31,358.6499938964844,363.9200134277344,350.4599914550781,362.0899963378906,356.93035888671875,4258200,7
2022-11-01,345.8299865722656,358.989990234375,340.75,352.5799865722656,347.5558166503906,7013000,2
2022-11-02,354.1600036621094,363.1499938964844,350.2099914550781,354.9599914550781,349.9019470214844,3774400,4
2022-11-03,354.0599975585937,362.8299865722656,351.510009765625,361.6799926757813,356.5262451171875,2602500,6
2022-11-04,365.2000122070313,365.8800048828125,353.3399963378906,357.4100036621094,352.3170471191406,3004600,6
2022-11-07,358.0,367.0,357.5,365.0700073242188,359.86785888671875,2560300,7
2022-11-08,365.1499938964844,368.75,361.9299926757813,366.6600036621094,361.4352416992188,3278600,2
2022-11-09,368.4400024414063,369.7999877929688,361.9100036621094,363.2699890136719,358.093505859375,2323700,4
2022-11-10,367.239990234375,369.0,363.0,368.7200012207031,363.46588134765625,2994000,6
2022-11-11,366.1600036621094,367.8299865722656,344.5199890136719,352.29998779296875,347.2798767089844,6646300,7
2022-11-14,359.07000732421875,360.7999877929688,340.1199951171875,356.0599975585937,351.9653625488281,4717400,1
2022-11-15,356.94000244140625,356.989990234375,346.3599853515625,349.95001220703125,345.92559814453125,4180700,1
2022-11-16,350.0,356.8800048828125,349.9599914550781,352.92999267578125,348.871337890625,3563800,5
2022-11-17,352.9100036621094,362.2999877929688,352.7099914550781,360.7699890136719,356.6211853027344,2929700,8
2022-11-18,362.5499877929688,364.6700134277344,359.3500061035156,361.6700134277344,357.5108337402344,2420900,4
2022-11-21,360.3900146484375,363.760009765625,355.3699951171875,361.1700134277344,357.0166015625,1999200,4
2022-11-22,362.0,362.7999877929688,357.29998779296875,360.8800048828125,356.7299499511719,2460400,6
2022-11-23,361.3399963378906,362.4700012207031,358.6300048828125,361.7200012207031,357.56024169921875,1993000,2
2022-11-25,362.8999938964844,365.8299865722656,361.5499877929688,365.25,361.0496520996094,1039100,3
2022-11-28,363.4500122070313,369.510009765625,361.0,365.7699890136719,361.5636596679688,2481300,5
2022-11-29,364.6199951171875,366.1099853515625,360.6400146484375,363.9500122070313,359.7646179199219,2207000,5
2022-11-30,365.0700073242188,372.3500061035156,361.7999877929688,371.0799865722656,366.8126220703125,5556400,2
2022-12-01,374.7900085449219,375.1900024414063,368.489990234375,370.3299865722656,366.07122802734375,2516100,6
2022-12-02,366.0799865722656,375.0400085449219,365.0,374.760009765625,370.4502868652344,1925600,5
2022-12-05,373.760009765625,375.25,368.2799987792969,369.2900085449219,365.043212890625,2296500,4
2022-12-06,367.0,370.6400146484375,365.5199890136719,368.5400085449219,364.3018493652344,1971000,2
2022-12-07,369.3200073242188,375.239990234375,368.760009765625,371.9700012207031,367.6924133300781,1629100,7
2022-12-08,373.260009765625,373.260009765625,366.5,371.7900085449219,367.5144958496094,2090900,2
2022-12-09,373.0,374.0,360.80999755859375,360.989990234375,356.838623046875,2787200,6
2022-12-12,362.9299926757813,367.8299865722656,362.5,367.25,363.0266418457031,2639200,1
2022-12-13,361.6300048828125,372.739990234375,358.32000732421875,358.6600036621094,354.53546142578125,5032600,5
2022-12-14,359.010009765625,369.4299926757813,357.0599975585937,363.5,359.3197937011719,5095500,2
2022-12-15,360.6600036621094,363.9700012207031,356.69000244140625,360.010009765625,355.8699035644531,3437100,1
2022-12-16,357.92999267578125,360.4800109863281,355.1700134277344,359.8699951171875,355.7315368652344,6612200,7
2022-12-19,357.8099975585937,359.70001220703125,354.6099853515625,357.7799987792969,353.6655578613281,2658400,4
2022-12-20,358.5,361.4500122070313,356.3399963378906,359.6400146484375,355.5041809082031,2276000,3
2022-12-21,362.6300048828125,370.6799926757813,361.2099914550781,368.010009765625,363.7779846191406,2211200,4
2022-12-22,367.3200073242188,369.760009765625,362.2900085449219,365.30999755859375,361.1090087890625,1958100,1
2022-12-23,364.8200073242188,367.8999938964844,362.4700012207031,367.8999938964844,363.6691589355469,1030300,3
2022-12-27,369.5,369.7300109863281,364.3299865722656,364.8800048828125,360.6839599609375,1372100,2
2022-12-28,366.1700134277344,368.010009765625,363.9400024414063,365.2200012207031,361.02001953125,996000,2
2022-12-29,368.1000061035156,370.9500122070313,366.4599914550781,367.0199890136719,362.7993469238281,1077900,3
2022-12-30,367.489990234375,367.9500122070313,362.1099853515625,365.8399963378906,361.6328430175781,1388000,1
